{
  "project_info": {
    "project_number": "954724423129",
    "project_id": "instagram-kotlin-d8646",
    "storage_bucket": "instagram-kotlin-d8646.appspot.com"
  },
  "client": [
    {
      "client_info": {
        "mobilesdk_app_id": "1:954724423129:android:44a7d0831b76a2e8a5b5c8",
        "android_client_info": {
          "package_name": "co.tiagoaguiar.course.instagram"
        }
      },
      "oauth_client": [
        {
          "client_id": "954724423129-s8vakh6lj4c7kli4d94md2gb4vb2s9s5.apps.googleusercontent.com",
          "client_type": 3
        }
      ],
      "api_key": [
        {
          "current_key": "AIzaSyCBZH7f-ZRBnQIC6AeLV-WltaQ5NYlvZ2U"
        }
      ],
      "services": {
        "appinvite_service": {
          "other_platform_oauth_client": [
            {
              "client_id": "954724423129-s8vakh6lj4c7kli4d94md2gb4vb2s9s5.apps.googleusercontent.com",
              "client_type": 3
            }
          ]
        }
      }
    }
  ],
  "configuration_version": "1"
}